Knoten,Grad-Zentralit채t,N채he-Zentralit채t,Zwischen-Zentralit채t
0, 0.0200422  , 0.182238 , 0.0013258   
1, 0.0200422  , 0.166491 , 0.00103133  
2, 0.0200422  , 0.178028 , 0.00137549  
3, 0.0137131  , 0.17293  , 0.000271571 
4, 0.0242616  , 0.162273 , 0.000339117 
5, 0.0168776  , 0.184651 , 0.0252914   
6, 0.0189873  , 0.177995 , 0.00127013  
7, 0.0200422  , 0.158158 , 1.77421e-05 
8, 0.0179325  , 0.173056 , 0.00048675  
9, 0.0242616  , 0.177495 , 0.00145061  
10, 0.0200422  , 0.166491 , 0.0010773   
11, 0.021097   , 0.177694 , 0.00108888  
12, 0.0189873  , 0.162999 , 0.000366528 
13, 0.0179325  , 0.181401 , 0.00147944  
14, 0.0200422  , 0.178028 , 0.00131395  
15, 0.0221519  , 0.199034 , 0.0425335   
16, 0.021097   , 0.181505 , 0.00193097  
17, 0.0200422  , 0.187648 , 0.0245112   
18, 0.0137131  , 0.169619 , 0.000463543 
19, 0.0168776  , 0.178162 , 0.0185626   
20, 0.0253165  , 0.178195 , 0.00157197  
21, 0.0189873  , 0.166462 , 0.000994941 
22, 0.0147679  , 0.172961 , 0.000557264 
23, 0.0158228  , 0.162915 , 0.000254079 
24, 0.021097   , 0.173277 , 0.00155431  
25, 0.0168776  , 0.158079 , 1.41694e-05 
26, 0.0221519  , 0.177428 , 0.000878221 
27, 0.0200422  , 0.177362 , 0.000992938 
28, 0.0189873  , 0.162999 , 0.000378817 
29, 0.0200422  , 0.178028 , 0.001192    
30, 0.0189873  , 0.168924 , 0.000616921 
31, 0.0189873  , 0.168924 , 0.000678637 
32, 0.0189873  , 0.168924 , 0.000589698 
33, 0.0253165  , 0.186724 , 0.00265915  
34, 0.021097   , 0.177694 , 0.001308    
35, 0.0189873  , 0.182203 , 0.0015928   
36, 0.0189873  , 0.177628 , 0.00103513  
37, 0.0242616  , 0.198078 , 0.0028434   
38, 0.0232068  , 0.194941 , 0.00191686  
39, 0.0232068  , 0.184221 , 0.0184457   
40, 0.021097   , 0.183935 , 0.000588598 
41, 0.021097   , 0.186835 , 0.000454822 
42, 0.0221519  , 0.187426 , 0.000854021 
43, 0.0274262  , 0.184149 , 0.000786258 
44, 0.028481   , 0.194981 , 0.00132399  
45, 0.0242616  , 0.207895 , 0.0214017   
46, 0.0295359  , 0.192409 , 0.0012153   
47, 0.0189873  , 0.183971 , 0.000461117 
48, 0.0305907  , 0.185192 , 0.000933937 
49, 0.021097   , 0.211938 , 0.0671691   
50, 0.0232068  , 0.197089 , 0.0265801   
51, 0.0263713  , 0.199202 , 0.00161439  
52, 0.0263713  , 0.195787 , 0.00142331  
53, 0.0200422  , 0.180057 , 0.000212365 
54, 0.0274262  , 0.189411 , 0.00183271  
55, 0.0274262  , 0.195827 , 0.0015036   
56, 0.0253165  , 0.180228 , 0.000288827 
57, 0.0274262  , 0.195625 , 0.00151413  
58, 0.021097   , 0.172552 , 2.02184e-05 
59, 0.0242616  , 0.186467 , 0.000652798 
60, 0.021097   , 0.211371 , 0.0321362   
61, 0.0263713  , 0.200127 , 0.00247228  
62, 0.0232068  , 0.189033 , 0.00089621  
63, 0.0137131  , 0.175881 , 0.000118908 
64, 0.0263713  , 0.1875   , 0.0018618   
65, 0.0189873  , 0.179138 , 0.000360867 
66, 0.0305907  , 0.195022 , 0.00221218  
67, 0.0253165  , 0.190323 , 0.00246423  
68, 0.0242616  , 0.204973 , 0.036557    
69, 0.0200422  , 0.180744 , 0.000283551 
70, 0.0189873  , 0.189108 , 0.00137314  
71, 0.0253165  , 0.203652 , 0.00261639  
72, 0.0337553  , 0.191322 , 0.00237923  
73, 0.0295359  , 0.192409 , 0.00129058  
74, 0.0179325  , 0.186724 , 0.000440827 
75, 0.0232068  , 0.199789 , 0.0015668   
76, 0.0263713  , 0.190668 , 0.00106884  
77, 0.0253165  , 0.189335 , 0.00161471  
78, 0.0242616  , 0.192058 , 0.00123822  
79, 0.0242616  , 0.181366 , 0.00053388  
80, 0.0168776  , 0.187241 , 0.000605927 
81, 0.0274262  , 0.18147  , 0.000396725 
82, 0.0200422  , 0.184292 , 0.0233996   
83, 0.0232068  , 0.167817 , 0.0010254   
84, 0.0200422  , 0.173499 , 0.00102432  
85, 0.0179325  , 0.157816 , 0.000151169 
86, 0.0242616  , 0.187686 , 0.0303974   
87, 0.0168776  , 0.174425 , 0.0013771   
88, 0.0168776  , 0.163195 , 0.000227724 
89, 0.0200422  , 0.182343 , 0.00196028  
90, 0.0232068  , 0.172583 , 0.00121415  
91, 0.0200422  , 0.174521 , 0.00175032  
92, 0.021097   , 0.168145 , 0.000971539 
93, 0.0116034  , 0.173563 , 0.000474376 
94, 0.021097   , 0.198951 , 0.0545252   
95, 0.021097   , 0.191283 , 0.0554392   
96, 0.0253165  , 0.165995 , 0.00062429  
97, 0.0179325  , 0.182168 , 0.0231037   
98, 0.0200422  , 0.172176 , 0.00107208  
99, 0.0200422  , 0.163279 , 0.000547573 
100, 0.021097   , 0.177828 , 0.00114365  
101, 0.0189873  , 0.164984 , 0.000367917 
102, 0.0158228  , 0.168833 , 0.00108094  
103, 0.0200422  , 0.168115 , 0.000500034 
104, 0.0189873  , 0.163279 , 0.000480927 
105, 0.0126582  , 0.164812 , 0.000184987 
106, 0.0253165  , 0.18287  , 0.00313705  
107, 0.0221519  , 0.174233 , 0.0014889   
108, 0.0158228  , 0.168833 , 0.00116083  
109, 0.0263713  , 0.163448 , 0.00065981  
110, 0.0179325  , 0.170106 , 0.000728215 
111, 0.0137131  , 0.155283 , 7.29462e-06 
112, 0.021097   , 0.175979 , 0.00108893  
113, 0.0200422  , 0.182203 , 0.0243493   
114, 0.0242616  , 0.163702 , 0.000898694 
115, 0.0200422  , 0.173817 , 0.00101031  
116, 0.0200422  , 0.173499 , 0.00121557  
117, 0.0232068  , 0.180125 , 0.00153985  
118, 0.0200422  , 0.155435 , 1.82916e-05 
119, 0.0242616  , 0.174041 , 0.00140217  
120, 0.0158228  , 0.166054 , 0.00052965  
121, 0.0137131  , 0.155844 , 0.000207412 
122, 0.0116034  , 0.156928 , 0.000258112 
123, 0.0147679  , 0.168503 , 0.000650577 
124, 0.0168776  , 0.163364 , 0.000637481 
125, 0.0116034  , 0.161858 , 0.000397751 
126, 0.0137131  , 0.163929 , 0.000567866 
127, 0.0126582  , 0.163731 , 0.000745128 
128, 0.0147679  , 0.163844 , 0.000680363 
129, 0.0147679  , 0.180434 , 0.028522    
130, 0.0189873  , 0.174714 , 0.00233083  
131, 0.0179325  , 0.174682 , 0.00209194  
132, 0.0137131  , 0.168294 , 0.00107278  
133, 0.0137131  , 0.17035  , 0.000883404 
134, 0.00949367 , 0.149127 , 5.36177e-06 
135, 0.00843882 , 0.161775 , 0.000177905 
136, 0.0189873  , 0.177229 , 0.0179298   
137, 0.0105485  , 0.174457 , 0.00109467  
138, 0.0116034  , 0.174489 , 0.00113552  
139, 0.0168776  , 0.162747 , 0.00103724  
140, 0.0147679  , 0.15587  , 0.000200907 
141, 0.0158228  , 0.185301 , 0.0268162   
142, 0.0137131  , 0.162663 , 0.00077124  
143, 0.0168776  , 0.168563 , 0.000757227 
144, 0.0179325  , 0.182378 , 0.0243736   
145, 0.0126582  , 0.156255 , 0.000359281 
146, 0.0147679  , 0.161941 , 0.000270669 
147, 0.0147679  , 0.161941 , 0.00042568  
148, 0.0179325  , 0.183899 , 0.00151655  
149, 0.0168776  , 0.177263 , 0.00123527  
150, 0.0147679  , 0.159034 , 1.24503e-05 
151, 0.0158228  , 0.183828 , 0.00162907  
152, 0.0179325  , 0.184544 , 0.0020711   
153, 0.0158228  , 0.171584 , 0.000744992 
154, 0.0179325  , 0.162971 , 0.000196367 
155, 0.0158228  , 0.168145 , 0.0006007   
156, 0.0200422  , 0.166316 , 0.000433744 
157, 0.0137131  , 0.166141 , 0.000319784 
158, 0.021097   , 0.188095 , 0.00244528  
159, 0.0189873  , 0.20794  , 0.0493992   
160, 0.0158228  , 0.162915 , 0.000111644 
161, 0.0189873  , 0.184759 , 0.00134763  
162, 0.0168776  , 0.191709 , 0.0248078   
163, 0.0179325  , 0.180571 , 0.0011125   
164, 0.0179325  , 0.180571 , 0.00140639  
165, 0.0179325  , 0.180571 , 0.0143638   
166, 0.0221519  , 0.173372 , 0.0134526   
167, 0.0158228  , 0.162635 , 0.000213901 
168, 0.0147679  , 0.184615 , 0.00125252  
169, 0.021097   , 0.184651 , 0.0014899   
170, 0.0168776  , 0.162663 , 0.0003517   
171, 0.0147679  , 0.183792 , 0.00102842  
172, 0.021097   , 0.184831 , 0.00194252  
173, 0.0168776  , 0.183863 , 0.00141051  
174, 0.0168776  , 0.164184 , 0.000298032 
175, 0.0200422  , 0.184615 , 0.00237714  
176, 0.0116034  , 0.162803 , 6.8856e-05  
177, 0.0116034  , 0.158954 , 8.92793e-06 
178, 0.0253165  , 0.180813 , 0.00181758  
179, 0.021097   , 0.164298 , 0.000415834 
180, 0.0168776  , 0.168175 , 0.000615496 
181, 0.0179325  , 0.184723 , 0.00164339  
182, 0.0232068  , 0.178028 , 0.000970265 
183, 0.0295359  , 0.190361 , 0.0122008   
184, 0.0263713  , 0.180297 , 0.000618741 
185, 0.0200422  , 0.174393 , 0.000423518 
186, 0.0263713  , 0.190975 , 0.00128807  
187, 0.0295359  , 0.17494  , 0.000544412 
188, 0.0253165  , 0.189146 , 0.018192    
189, 0.0189873  , 0.17494  , 0.000381465 
190, 0.0200422  , 0.164156 , 0.000112868 
191, 0.0253165  , 0.171646 , 0.000478161 
192, 0.0253165  , 0.190937 , 0.00164072  
193, 0.021097   , 0.188095 , 0.00103118  
194, 0.0305907  , 0.174618 , 0.000759512 
195, 0.0200422  , 0.16755  , 0.000167013 
196, 0.0316456  , 0.174908 , 0.000417259 
197, 0.0253165  , 0.189033 , 0.00146387  
198, 0.0232068  , 0.177761 , 0.000590652 
199, 0.0200422  , 0.183047 , 0.000922033 
200, 0.0242616  , 0.194103 , 0.0151866   
201, 0.0189873  , 0.208719 , 0.0363902   
202, 0.0263713  , 0.195383 , 0.0212898   
203, 0.0242616  , 0.170657 , 0.00018397  
204, 0.0242616  , 0.166112 , 0.000227637 
205, 0.0221519  , 0.185519 , 0.00111081  
206, 0.0253165  , 0.186909 , 0.00111858  
207, 0.0221519  , 0.174714 , 0.000465736 
208, 0.0253165  , 0.181435 , 0.000970465 
209, 0.0221519  , 0.181679 , 0.0145959   
210, 0.021097   , 0.164184 , 0.000110784 
211, 0.0189873  , 0.169286 , 0.000240882 
212, 0.0242616  , 0.177794 , 0.000688359 
213, 0.028481   , 0.172051 , 0.000511165 
214, 0.021097   , 0.168984 , 0.000230988 
215, 0.0263713  , 0.186945 , 0.000941224 
216, 0.0179325  , 0.175881 , 0.000682701 
217, 0.0232068  , 0.169044 , 0.000259966 
218, 0.0232068  , 0.181193 , 0.00104766  
219, 0.0242616  , 0.170657 , 0.000286467 
220, 0.0253165  , 0.178195 , 0.000680164 
221, 0.0168776  , 0.174553 , 0.000294905 
222, 0.0242616  , 0.183899 , 0.00134975  
223, 0.0189873  , 0.175914 , 0.000603351 
224, 0.0295359  , 0.1804   , 0.000791414 
225, 0.0253165  , 0.177761 , 0.000464752 
226, 0.0242616  , 0.224061 , 0.00376694  
227, 0.021097   , 0.222954 , 0.00412297  
228, 0.0242616  , 0.220056 , 0.00370145  
229, 0.0305907  , 0.23477  , 0.0351426   
230, 0.0189873  , 0.214431 , 0.000539811 
231, 0.0221519  , 0.216241 , 0.00307951  
232, 0.0263713  , 0.217132 , 0.00351983  
233, 0.0221519  , 0.21227  , 0.00118518  
234, 0.0242616  , 0.218383 , 0.00187693  
235, 0.0116034  , 0.213417 , 0.000806444 
236, 0.0179325  , 0.221858 , 0.00319669  
237, 0.0263713  , 0.220107 , 0.00184597  
238, 0.0168776  , 0.213802 , 0.00129741  
239, 0.0253165  , 0.211891 , 0.0194328   
240, 0.0232068  , 0.211986 , 0.000506288 
241, 0.0274262  , 0.219546 , 0.0683534   
242, 0.021097   , 0.2102   , 0.00108714  
243, 0.0168776  , 0.222066 , 0.0025059   
244, 0.0232068  , 0.226903 , 0.113168    
245, 0.0200422  , 0.224061 , 0.00401759  
246, 0.0189873  , 0.231558 , 0.00399881  
247, 0.0253165  , 0.223164 , 0.00235241  
248, 0.0200422  , 0.234074 , 0.0390396   
249, 0.0242616  , 0.222431 , 0.00303622  
250, 0.0274262  , 0.238671 , 0.0444906   
251, 0.0263713  , 0.235236 , 0.0724471   
252, 0.028481   , 0.232581 , 0.0520605   
253, 0.0179325  , 0.215406 , 0.00189303  
254, 0.0263713  , 0.219546 , 0.0442462   
255, 0.0189873  , 0.225232 , 0.00454957  
256, 0.0305907  , 0.222535 , 0.00197534  
257, 0.0221519  , 0.224008 , 0.00299979  
258, 0.021097   , 0.242269 , 0.112576    
259, 0.021097   , 0.223374 , 0.00239874  
260, 0.0274262  , 0.232012 , 0.00601999  
261, 0.0242616  , 0.230938 , 0.0061745   
262, 0.0221519  , 0.20744  , 0.000746769 
263, 0.0232068  , 0.222692 , 0.00179113  
264, 0.0295359  , 0.231389 , 0.00463568  
265, 0.0232068  , 0.215798 , 0.0019258   
266, 0.0221519  , 0.21048  , 0.0014285   
267, 0.0263713  , 0.217083 , 0.00176141  
268, 0.021097   , 0.216044 , 0.00210537  
269, 0.021097   , 0.217182 , 0.00121952  
270, 0.0232068  , 0.216983 , 0.00358896  
271, 0.0200422  , 0.161033 , 0.000354276 
272, 0.0189873  , 0.178733 , 0.0026633   
273, 0.0168776  , 0.178666 , 0.00307066  
274, 0.0158228  , 0.160923 , 0.000266362 
275, 0.0189873  , 0.161005 , 0.000357704 
276, 0.0179325  , 0.181993 , 0.00443641  
277, 0.0200422  , 0.182063 , 0.00320583  
278, 0.0200422  , 0.175361 , 0.0166527   
279, 0.0179325  , 0.160978 , 0.000337858 
280, 0.0189873  , 0.178733 , 0.00309744  
281, 0.0126582  , 0.160842 , 0.000198818 
282, 0.0189873  , 0.182028 , 0.00347864  
283, 0.0147679  , 0.212413 , 0.0641108   
284, 0.0232068  , 0.154953 , 3.64054e-05 
285, 0.0189873  , 0.154851 , 2.09574e-05 
286, 0.0137131  , 0.160869 , 0.000238015 
287, 0.0168776  , 0.160951 , 0.000207015 
288, 0.0179325  , 0.154826 , 1.59996e-05 
289, 0.0189873  , 0.154851 , 2.28181e-05 
290, 0.0147679  , 0.15475  , 1.05004e-05 
291, 0.0200422  , 0.154877 , 2.49973e-05 
292, 0.0179325  , 0.160978 , 0.000201339 
293, 0.0179325  , 0.154826 , 1.88305e-05 
294, 0.0126582  , 0.160842 , 0.00026079  
295, 0.0168776  , 0.181958 , 0.00298205  
296, 0.0179325  , 0.154826 , 1.64755e-05 
297, 0.021097   , 0.154902 , 2.69208e-05 
298, 0.0168776  , 0.154801 , 1.90299e-05 
299, 0.0168776  , 0.181958 , 0.00331436  
300, 0.021097   , 0.154902 , 3.28413e-05 
301, 0.0158228  , 0.181923 , 0.00246696  
302, 0.0179325  , 0.181993 , 0.0030894   
303, 0.0200422  , 0.182063 , 0.00423698  
304, 0.0126582  , 0.1547   , 7.97477e-06 
305, 0.0189873  , 0.182028 , 0.00330919  
306, 0.0232068  , 0.180194 , 0.00095008  
307, 0.0158228  , 0.168473 , 0.000164204 
308, 0.0168776  , 0.169619 , 0.000348102 
309, 0.0274262  , 0.195102 , 0.0189457   
310, 0.0242616  , 0.190591 , 0.00119878  
311, 0.0189873  , 0.166228 , 0.000193071 
312, 0.0242616  , 0.192331 , 0.0349446   
313, 0.0221519  , 0.17202  , 0.000561716 
314, 0.0242616  , 0.183863 , 0.00114578  
315, 0.021097   , 0.166287 , 0.000232705 
316, 0.0221519  , 0.187389 , 0.000964656 
317, 0.0189873  , 0.161968 , 2.07784e-05 
318, 0.0189873  , 0.1768   , 0.000613115 
319, 0.0253165  , 0.16755  , 0.000278962 
320, 0.021097   , 0.191786 , 0.00141464  
321, 0.0221519  , 0.16427  , 8.84287e-05 
322, 0.021097   , 0.176998 , 0.000647133 
323, 0.0242616  , 0.206626 , 0.035938    
324, 0.0242616  , 0.184257 , 0.001024    
325, 0.0232068  , 0.16971  , 0.000370889 
326, 0.0253165  , 0.199537 , 0.0297744   
327, 0.0221519  , 0.174811 , 0.000723663 
328, 0.0232068  , 0.183828 , 0.000809718 
329, 0.0179325  , 0.188507 , 0.000857429 
330, 0.0221519  , 0.191825 , 0.001072    
331, 0.0221519  , 0.181958 , 0.00118808  
332, 0.0221519  , 0.185555 , 0.00121002  
333, 0.0274262  , 0.182133 , 0.00100866  
334, 0.0179325  , 0.181818 , 0.000713195 
335, 0.0147679  , 0.167255 , 0.000180331 
336, 0.0263713  , 0.186945 , 0.0012998   
337, 0.0189873  , 0.176274 , 0.000676431 
338, 0.0200422  , 0.176306 , 0.000623728 
339, 0.0168776  , 0.185373 , 0.000603113 
340, 0.0232068  , 0.19783  , 0.0307205   
341, 0.0189873  , 0.179206 , 0.000954833 
342, 0.021097   , 0.174329 , 0.000398873 
343, 0.0274262  , 0.188845 , 0.00147781  
344, 0.0168776  , 0.178834 , 0.000769432 
345, 0.028481   , 0.192058 , 0.00169182  
346, 0.0221519  , 0.167462 , 0.000172293 
347, 0.0179325  , 0.169558 , 0.000110047 
348, 0.0263713  , 0.192097 , 0.00207274  
349, 0.0242616  , 0.174521 , 0.000515438 
350, 0.0221519  , 0.18016  , 0.00345634  
351, 0.0189873  , 0.194422 , 0.0025235   
352, 0.0242616  , 0.215259 , 0.0707599   
353, 0.0189873  , 0.187611 , 0.00260186  
354, 0.0221519  , 0.200042 , 0.0382754   
355, 0.028481   , 0.190937 , 0.00257588  
356, 0.0305907  , 0.181748 , 0.00236762  
357, 0.0189873  , 0.173436 , 0.00181086  
358, 0.021097   , 0.17843  , 0.00249145  
359, 0.0221519  , 0.183863 , 0.00103772  
360, 0.0221519  , 0.18147  , 0.00179126  
361, 0.0189873  , 0.201274 , 0.0304718   
362, 0.0168776  , 0.171553 , 0.00025038  
363, 0.0263713  , 0.191554 , 0.0705046   
364, 0.0232068  , 0.190744 , 0.00209904  
365, 0.0168776  , 0.187241 , 0.000977403 
366, 0.0253165  , 0.167166 , 2.89866e-05 
367, 0.0253165  , 0.176438 , 0.00151532  
368, 0.0232068  , 0.187463 , 0.00125342  
369, 0.0200422  , 0.187352 , 0.00100626  
370, 0.0168776  , 0.175849 , 0.000949558 
371, 0.0189873  , 0.184903 , 0.0011688   
372, 0.0200422  , 0.180744 , 0.00072329  
373, 0.0221519  , 0.171212 , 0.000515272 
374, 0.0242616  , 0.194621 , 0.00250668  
375, 0.0221519  , 0.187723 , 0.00263102  
376, 0.0200422  , 0.176274 , 0.00160462  
377, 0.0232068  , 0.177694 , 0.000927146 
378, 0.0221519  , 0.180813 , 0.000710481 
379, 0.0158228  , 0.17843  , 0.0179185   
380, 0.021097   , 0.194501 , 0.00234683  
381, 0.0189873  , 0.191825 , 0.00137207  
382, 0.0242616  , 0.16974  , 0.000138395 
383, 0.0200422  , 0.167019 , 1.75469e-05 
384, 0.021097   , 0.191903 , 0.00163163  
385, 0.0221519  , 0.195787 , 0.00193737  
386, 0.0232068  , 0.176372 , 0.00159452  
387, 0.0242616  , 0.17177  , 0.000386661 
388, 0.0200422  , 0.177595 , 0.00101768  
389, 0.028481   , 0.187648 , 0.00173125  
390, 0.0158228  , 0.134506 , 8.43921e-05 
391, 0.0242616  , 0.154423 , 0.0121413   
392, 0.021097   , 0.148963 , 0.000800314 
393, 0.0242616  , 0.14915  , 0.00119612  
394, 0.0221519  , 0.134487 , 0.000106319 
395, 0.0242616  , 0.154599 , 0.0150461   
396, 0.021097   , 0.145198 , 0.00117092  
397, 0.0221519  , 0.149103 , 0.000850104 
398, 0.0274262  , 0.168833 , 0.0680884   
399, 0.0274262  , 0.149221 , 0.00113447  
400, 0.021097   , 0.130435 , 1.86029e-05 
401, 0.0242616  , 0.148869 , 0.00116898  
402, 0.0179325  , 0.145132 , 0.000539454 
403, 0.0232068  , 0.148846 , 0.000979536 
404, 0.0242616  , 0.14915  , 0.00101608  
405, 0.0179325  , 0.134544 , 1.93655e-05 
406, 0.0200422  , 0.149057 , 0.000633552 
407, 0.0189873  , 0.130399 , 1.52664e-05 
408, 0.0232068  , 0.134736 , 0.000250801 
409, 0.0221519  , 0.148986 , 0.00144394  
410, 0.0242616  , 0.149033 , 0.000847142 
411, 0.0158228  , 0.145087 , 0.000434255 
412, 0.0189873  , 0.13443  , 6.7785e-05  
413, 0.0253165  , 0.149057 , 0.00147703  
414, 0.0200422  , 0.134583 , 7.4109e-05  
415, 0.0179325  , 0.148729 , 0.000659094 
416, 0.0253165  , 0.145287 , 0.000585394 
417, 0.021097   , 0.134602 , 0.000106636 
418, 0.0168776  , 0.145109 , 0.000545922 
419, 0.0253165  , 0.134544 , 0.000166365 
420, 0.021097   , 0.14908  , 0.00083892  
421, 0.0168776  , 0.134621 , 0.000121551 
422, 0.021097   , 0.130435 , 1.95395e-05 
423, 0.0200422  , 0.134449 , 8.29034e-05 
424, 0.0242616  , 0.14915  , 0.0010568   
425, 0.0221519  , 0.148823 , 0.0011762   
426, 0.0274262  , 0.149221 , 0.00131625  
427, 0.0158228  , 0.145087 , 0.000628365 
428, 0.0263713  , 0.149197 , 0.00107148  
429, 0.0232068  , 0.134736 , 0.000236686 
430, 0.0168776  , 0.148334 , 0.00113525  
431, 0.00949367 , 0.153249 , 0.000357119 
432, 0.0242616  , 0.155972 , 0.00168932  
433, 0.0158228  , 0.152657 , 0.0115539   
434, 0.0179325  , 0.167699 , 0.0306151   
435, 0.0200422  , 0.155921 , 0.00146627  
436, 0.0147679  , 0.145109 , 0.000198298 
437, 0.0168776  , 0.147848 , 0.000278215 
438, 0.0158228  , 0.138455 , 5.74159e-05 
439, 0.0168776  , 0.155614 , 0.000799148 
440, 0.0189873  , 0.156049 , 0.00139707  
441, 0.021097   , 0.148287 , 0.000431767 
442, 0.021097   , 0.148079 , 0.000638421 
443, 0.0168776  , 0.155614 , 0.000990516 
444, 0.0200422  , 0.155639 , 0.00134363  
445, 0.0189873  , 0.163055 , 0.0215286   
446, 0.0232068  , 0.152829 , 0.0146463   
447, 0.0242616  , 0.147963 , 0.000330429 
448, 0.0168776  , 0.138475 , 3.06302e-05 
449, 0.0189873  , 0.168833 , 0.0218651   
450, 0.021097   , 0.153522 , 0.000856631 
451, 0.0147679  , 0.146319 , 0.000549022 
452, 0.0168776  , 0.147986 , 0.000439563 
453, 0.0189873  , 0.14838  , 0.00095136  
454, 0.021097   , 0.148079 , 0.000504089 
455, 0.0189873  , 0.153473 , 0.00103232  
456, 0.0158228  , 0.155588 , 0.000931729 
457, 0.0137131  , 0.135525 , 7.14804e-06 
458, 0.0221519  , 0.148171 , 0.000368074 
459, 0.021097   , 0.155947 , 0.00167376  
460, 0.0232068  , 0.155947 , 0.00164037  
461, 0.0168776  , 0.147848 , 0.000339305 
462, 0.0200422  , 0.147917 , 0.000293856 
463, 0.0221519  , 0.138759 , 0.000103021 
464, 0.0221519  , 0.168473 , 0.000549144 
465, 0.0253165  , 0.168563 , 0.00057642  
466, 0.0189873  , 0.161499 , 0.000254639 
467, 0.0242616  , 0.168533 , 0.000460082 
468, 0.0221519  , 0.170872 , 0.000765331 
469, 0.0221519  , 0.194821 , 0.0347714   
470, 0.0274262  , 0.176899 , 0.00114364  
471, 0.0337553  , 0.180847 , 0.0331899   
472, 0.021097   , 0.168593 , 0.000420945 
473, 0.0221519  , 0.170688 , 0.000945456 
474, 0.0189873  , 0.155691 , 9.13725e-05 
475, 0.0263713  , 0.183224 , 0.0227857   
476, 0.0253165  , 0.161664 , 0.000369212 
477, 0.028481   , 0.177995 , 0.00187362  
478, 0.0263713  , 0.161692 , 0.00038615  
479, 0.0295359  , 0.178028 , 0.00159639  
480, 0.0200422  , 0.176668 , 0.000817051 
481, 0.0305907  , 0.168713 , 0.000807482 
482, 0.0263713  , 0.177928 , 0.00180647  
483, 0.0274262  , 0.173151 , 0.000779308 
484, 0.0253165  , 0.170965 , 0.000679076 
485, 0.0305907  , 0.175588 , 0.00113552  
486, 0.0263713  , 0.159704 , 0.000236314 
487, 0.0263713  , 0.175458 , 0.000898701 
488, 0.0242616  , 0.153946 , 2.73738e-05 
489, 0.0253165  , 0.161664 , 0.000245068 
490, 0.021097   , 0.159569 , 0.000188092 
491, 0.0253165  , 0.176833 , 0.00107262  
492, 0.0253165  , 0.17078  , 0.00100866  
493, 0.0221519  , 0.177794 , 0.00151176  
494, 0.0189873  , 0.161499 , 0.000298338 
495, 0.0232068  , 0.173024 , 0.00079584  
496, 0.0253165  , 0.176833 , 0.00122987  
497, 0.028481   , 0.166462 , 0.000494552 
498, 0.0200422  , 0.176668 , 0.00100316  
499, 0.0242616  , 0.173056 , 0.00111151  
500, 0.028481   , 0.201018 , 0.0663125   
501, 0.0263713  , 0.168593 , 0.0005512   
502, 0.0221519  , 0.175328 , 0.00090902  
503, 0.0295359  , 0.171088 , 0.000881274 
504, 0.0242616  , 0.168683 , 0.000590106 
505, 0.0242616  , 0.155819 , 0.000109133 
506, 0.0263713  , 0.15587  , 0.000106722 
507, 0.0221519  , 0.161582 , 0.000356339 
508, 0.0221519  , 0.175328 , 0.000913365 
509, 0.0263713  , 0.173087 , 0.00103688  
510, 0.0263713  , 0.170996 , 0.00064737  
511, 0.0263713  , 0.175458 , 0.00125887  
512, 0.0189873  , 0.220056 , 0.0679601   
513, 0.0137131  , 0.181923 , 0.0110699   
514, 0.0116034  , 0.196436 , 0.00190571  
515, 0.0158228  , 0.194901 , 0.00181295  
516, 0.0126582  , 0.187834 , 0.00109635  
517, 0.0168776  , 0.18979  , 0.00175017  
518, 0.0147679  , 0.196355 , 0.00406338  
519, 0.0126582  , 0.189638 , 0.000808888 
520, 0.0116034  , 0.180813 , 0.00116144  
521, 0.0189873  , 0.182308 , 0.00225062  
522, 0.0105485  , 0.176405 , 0.000650686 
523, 0.0158228  , 0.192997 , 0.0144121   
524, 0.0147679  , 0.173277 , 0.000254733 
525, 0.0158228  , 0.193588 , 0.0188459   
526, 0.0137131  , 0.176932 , 0.000566527 
527, 0.0105485  , 0.174747 , 0.000291123 
528, 0.0137131  , 0.189335 , 0.000743793 
529, 0.0137131  , 0.173626 , 0.000100064 
530, 0.0126582  , 0.18892  , 0.00285182  
531, 0.0168776  , 0.198909 , 0.00557618  
532, 0.0147679  , 0.194861 , 0.00159619  
533, 0.0137131  , 0.203608 , 0.0267823   
534, 0.0137131  , 0.186614 , 0.00082925  
535, 0.0137131  , 0.180606 , 0.00130184  
536, 0.0147679  , 0.194621 , 0.014159    
537, 0.0105485  , 0.186065 , 0.0175788   
538, 0.0158228  , 0.193865 , 0.00139758  
539, 0.0137131  , 0.173341 , 0.000450222 
540, 0.0189873  , 0.16755  , 0.000844103 
541, 0.0147679  , 0.168864 , 0.000861784 
542, 0.0126582  , 0.157371 , 7.56333e-05 
543, 0.0168776  , 0.168414 , 0.000777527 
544, 0.0179325  , 0.162579 , 0.000429055 
545, 0.0221519  , 0.174618 , 0.0139314   
546, 0.0126582  , 0.157371 , 0.00019267  
547, 0.0168776  , 0.162384 , 0.000507768 
548, 0.0200422  , 0.161941 , 0.00071559  
549, 0.0147679  , 0.160651 , 0.000151209 
550, 0.0200422  , 0.177263 , 0.022732    
551, 0.0189873  , 0.177961 , 0.0129251   
552, 0.0200422  , 0.163844 , 0.000569258 
553, 0.0242616  , 0.182133 , 0.0295202   
554, 0.0179325  , 0.167699 , 0.000864265 
555, 0.0126582  , 0.157371 , 0.00011371  
556, 0.0179325  , 0.162051 , 0.000750422 
557, 0.0126582  , 0.156798 , 8.17689e-05 
558, 0.00949367 , 0.145065 , 4.04788e-06 
559, 0.0179325  , 0.159757 , 0.00041888  
560, 0.0168776  , 0.167669 , 0.000811282 
561, 0.0168776  , 0.163279 , 0.000297153 
562, 0.0189873  , 0.176208 , 0.0124681   
563, 0.0147679  , 0.161499 , 0.000524487 
564, 0.0179325  , 0.163167 , 0.000752209 
565, 0.0126582  , 0.155333 , 0.000169933 
566, 0.0232068  , 0.169105 , 0.00116393  
567, 0.0147679  , 0.163223 , 0.000339295 
568, 0.0147679  , 0.163702 , 0.000383354 
569, 0.0189873  , 0.163195 , 0.000619802 
570, 0.0116034  , 0.156772 , 0.000139862 
571, 0.0179325  , 0.160651 , 0.000445707 
572, 0.0126582  , 0.16076  , 0.000266612 
573, 0.0179325  , 0.156668 , 0.000141753 
574, 0.0232068  , 0.184544 , 0.0200001   
575, 0.0168776  , 0.161996 , 0.000323602 
576, 0.0168776  , 0.166287 , 0.000452685 
577, 0.0126582  , 0.185992 , 0.0346098   
578, 0.0147679  , 0.161996 , 0.000324708 
579, 0.0168776  , 0.161885 , 0.000368727 
580, 0.0168776  , 0.163872 , 0.000495633 
581, 0.0147679  , 0.158317 , 0.000155399 
582, 0.0242616  , 0.180503 , 0.00463037  
583, 0.0179325  , 0.166403 , 0.000753522 
584, 0.0189873  , 0.169984 , 0.00078618  
585, 0.0200422  , 0.167402 , 0.000945705 
586, 0.0168776  , 0.17611  , 0.00348843  
587, 0.0221519  , 0.167462 , 0.00105557  
588, 0.0189873  , 0.169984 , 0.000932018 
589, 0.0147679  , 0.161941 , 0.000292487 
590, 0.0158228  , 0.164898 , 0.00102863  
591, 0.0179325  , 0.161913 , 0.000313287 
592, 0.0137131  , 0.169619 , 0.0017737   
593, 0.0221519  , 0.172835 , 0.0254449   
594, 0.021097   , 0.176372 , 0.0230671   
595, 0.0168776  , 0.167314 , 0.000711504 
596, 0.0232068  , 0.176306 , 0.00427147  
597, 0.0200422  , 0.162971 , 0.000467133 
598, 0.0189873  , 0.177163 , 0.0159256   
599, 0.0116034  , 0.165157 , 0.000199877 
600, 0.0179325  , 0.153597 , 1.76258e-05 
601, 0.0189873  , 0.162051 , 0.000365454 
602, 0.0179325  , 0.168894 , 0.00200218  
603, 0.0137131  , 0.158688 , 0.00019187  
604, 0.0158228  , 0.174329 , 0.00200606  
605, 0.0200422  , 0.176734 , 0.0032272   
606, 0.0158228  , 0.169316 , 0.0012491   
607, 0.0189873  , 0.177961 , 0.00320285  
608, 0.0116034  , 0.156461 , 0.000356903 
609, 0.0126582  , 0.164099 , 0.00126002  
610, 0.0126582  , 0.154674 , 0.000100651 
611, 0.0116034  , 0.161692 , 0.000936727 
612, 0.0147679  , 0.160842 , 0.000763457 
613, 0.0105485  , 0.161664 , 0.00110862  
614, 0.0126582  , 0.153996 , 0.000109186 
615, 0.0137131  , 0.163111 , 0.000816478 
616, 0.0116034  , 0.170442 , 0.00174583  
617, 0.0147679  , 0.158185 , 0.000247266 
618, 0.0116034  , 0.154649 , 0.000124345 
619, 0.0189873  , 0.165966 , 0.00122807  
620, 0.0158228  , 0.158211 , 0.00027461  
621, 0.0179325  , 0.159865 , 0.000715277 
622, 0.0147679  , 0.182133 , 0.0232345   
623, 0.0168776  , 0.169923 , 0.001772    
624, 0.0168776  , 0.160379 , 0.00048739  
625, 0.0179325  , 0.164241 , 0.00167149  
626, 0.0179325  , 0.166755 , 0.000949042 
627, 0.0179325  , 0.170626 , 0.00240462  
628, 0.0189873  , 0.173214 , 0.0416045   
629, 0.0189873  , 0.181089 , 0.0150462   
630, 0.0263713  , 0.174779 , 0.0272502   
631, 0.0158228  , 0.15475  , 6.92221e-05 
632, 0.0168776  , 0.165908 , 0.00112494  
633, 0.0179325  , 0.163589 , 0.000950775 
634, 0.0179325  , 0.160406 , 0.000531726 
635, 0.0189873  , 0.16427  , 0.00151042  
636, 0.0168776  , 0.165387 , 0.00143237  
637, 0.0158228  , 0.163561 , 0.000532866 
638, 0.0179325  , 0.170626 , 0.00254337  
639, 0.0137131  , 0.173658 , 0.00193859  
640, 0.0158228  , 0.179648 , 0.014381    
641, 0.0242616  , 0.190937 , 0.0546613   
642, 0.021097   , 0.177794 , 0.000836626 
643, 0.0242616  , 0.195949 , 0.0294127   
644, 0.021097   , 0.181331 , 0.00150383  
645, 0.0263713  , 0.180091 , 0.00110067  
646, 0.0221519  , 0.195343 , 0.0219084   
647, 0.0221519  , 0.179648 , 0.00136779  
648, 0.0189873  , 0.174329 , 0.000428528 
649, 0.0232068  , 0.172238 , 0.00063864  
650, 0.0263713  , 0.184508 , 0.00260727  
651, 0.0242616  , 0.176012 , 0.0277958   
652, 0.0232068  , 0.176438 , 0.0017898   
653, 0.0274262  , 0.180125 , 0.00144161  
654, 0.0232068  , 0.1875   , 0.00329946  
655, 0.0179325  , 0.170596 , 0.000366561 
656, 0.0232068  , 0.181748 , 0.00237795  
657, 0.0221519  , 0.177828 , 0.000727618 
658, 0.0158228  , 0.166901 , 0.000130697 
659, 0.0253165  , 0.178497 , 0.000932112 
660, 0.0242616  , 0.188245 , 0.0021903   
661, 0.0242616  , 0.179716 , 0.00147561  
662, 0.0200422  , 0.172145 , 0.000612637 
663, 0.0126582  , 0.17611  , 0.00139577  
664, 0.0263713  , 0.173658 , 0.000558271 
665, 0.0179325  , 0.179545 , 0.0005404   
666, 0.0221519  , 0.185992 , 0.0260145   
667, 0.0200422  , 0.177761 , 0.000617244 
668, 0.0189873  , 0.176932 , 0.00122999  
669, 0.0189873  , 0.178263 , 0.000878648 
670, 0.0253165  , 0.172301 , 0.000742931 
671, 0.0242616  , 0.187648 , 0.002583    
672, 0.0232068  , 0.181505 , 0.00123543  
673, 0.0253165  , 0.190591 , 0.00387115  
674, 0.0158228  , 0.17992  , 0.00236117  
675, 0.021097   , 0.194302 , 0.019838    
676, 0.0221519  , 0.192487 , 0.00360962  
677, 0.0189873  , 0.171305 , 0.000306213 
678, 0.0253165  , 0.172113 , 0.000523442 
679, 0.0232068  , 0.174297 , 0.000534963 
680, 0.0200422  , 0.162551 , 1.88919e-05 
681, 0.0263713  , 0.177163 , 0.00147878  
682, 0.0189873  , 0.185519 , 0.00295051  
683, 0.0168776  , 0.187389 , 0.00209539  
684, 0.0274262  , 0.182659 , 0.00124953  
685, 0.0253165  , 0.174489 , 0.000703594 
686, 0.0274262  , 0.168954 , 0.000368599 
687, 0.028481   , 0.177428 , 0.00088548  
688, 0.021097   , 0.177196 , 0.000687588 
689, 0.0179325  , 0.16117  , 0.000381279 
690, 0.0200422  , 0.174329 , 0.000326451 
691, 0.0274262  , 0.161417 , 0.000520989 
692, 0.0295359  , 0.174618 , 0.000602083 
693, 0.0221519  , 0.177229 , 0.000568131 
694, 0.0274262  , 0.17293  , 0.000562332 
695, 0.0253165  , 0.179037 , 0.0195981   
696, 0.0168776  , 0.172615 , 0.000444077 
697, 0.0305907  , 0.184436 , 0.0259697   
698, 0.0274262  , 0.161417 , 0.00054126  
699, 0.0263713  , 0.177362 , 0.000893356 
700, 0.0242616  , 0.177296 , 0.000832348 
701, 0.0263713  , 0.172898 , 0.000740835 
702, 0.0232068  , 0.172803 , 0.000372763 
703, 0.0232068  , 0.174425 , 0.000499823 
704, 0.0263713  , 0.174521 , 0.000530665 
705, 0.0232068  , 0.174425 , 0.000329699 
706, 0.0189873  , 0.168713 , 0.000329496 
707, 0.0232068  , 0.177263 , 0.000730818 
708, 0.028481   , 0.168984 , 0.000540273 
709, 0.0221519  , 0.177229 , 0.000685398 
710, 0.0232068  , 0.161307 , 0.000424538 
711, 0.0253165  , 0.172867 , 0.000580699 
712, 0.0379747  , 0.201745 , 0.0741148   
713, 0.0263713  , 0.174521 , 0.000470572 
714, 0.028481   , 0.158661 , 0.00024742  
715, 0.021097   , 0.158475 , 0.000234701 
716, 0.0242616  , 0.168864 , 0.000326928 
717, 0.0242616  , 0.177296 , 0.000754719 
718, 0.0242616  , 0.174457 , 0.000376255 
719, 0.0221519  , 0.168803 , 0.000399987 
720, 0.0232068  , 0.172803 , 0.000509604 
721, 0.0295359  , 0.151801 , 3.89229e-05 
722, 0.021097   , 0.158475 , 0.00012092  
723, 0.0232068  , 0.161307 , 0.000326167 
724, 0.0200422  , 0.172709 , 0.000457807 
725, 0.0200422  , 0.168743 , 0.0003025   
726, 0.0295359  , 0.174618 , 0.000640125 
727, 0.021097   , 0.177196 , 0.000647416 
728, 0.0242616  , 0.174457 , 0.000592536 
729, 0.0263713  , 0.168924 , 0.000395497 
730, 0.0189873  , 0.155614 , 0.000144137 
731, 0.0158228  , 0.164726 , 0.00126374  
732, 0.0221519  , 0.162384 , 0.000744903 
733, 0.0232068  , 0.170749 , 0.00229479  
734, 0.0179325  , 0.176241 , 0.0231955   
735, 0.0200422  , 0.171895 , 0.00287186  
736, 0.0179325  , 0.167078 , 0.000937534 
737, 0.0179325  , 0.167078 , 0.00104139  
738, 0.0168776  , 0.171615 , 0.00106818  
739, 0.0189873  , 0.171864 , 0.00257141  
740, 0.0168776  , 0.161996 , 0.000546906 
741, 0.0168776  , 0.155819 , 0.000247482 
742, 0.0147679  , 0.161941 , 0.000539671 
743, 0.0179325  , 0.163476 , 0.00112876  
744, 0.0137131  , 0.176405 , 0.0222819   
745, 0.0189873  , 0.16117  , 0.000479573 
746, 0.0221519  , 0.161968 , 0.000639994 
747, 0.0200422  , 0.171708 , 0.00147206  
748, 0.0221519  , 0.161252 , 0.0006657   
749, 0.0179325  , 0.158396 , 0.000363245 
750, 0.0200422  , 0.16487  , 0.000969885 
751, 0.0253165  , 0.171522 , 0.0196052   
752, 0.0189873  , 0.165966 , 0.000906231 
753, 0.0179325  , 0.176045 , 0.0196497   
754, 0.0189873  , 0.16117  , 0.000494646 
755, 0.021097   , 0.170473 , 0.00279419  
756, 0.0200422  , 0.164841 , 0.00137211  
757, 0.0179325  , 0.16617  , 0.000861688 
758, 0.0221519  , 0.169225 , 0.0216104   
759, 0.0189873  , 0.161088 , 0.00081     
760, 0.0221519  , 0.159757 , 0.000570213 
761, 0.0137131  , 0.156824 , 0.000561682 
762, 0.0179325  , 0.149858 , 1.8082e-05  
763, 0.0179325  , 0.167078 , 0.00112644  
764, 0.0179325  , 0.161142 , 0.000423307 
765, 0.0147679  , 0.159569 , 0.00040256  
766, 0.0158228  , 0.16342  , 0.00121726  
767, 0.021097   , 0.166257 , 0.00107935  
768, 0.021097   , 0.169286 , 0.00206799  
769, 0.0158228  , 0.164156 , 0.000310054 
770, 0.0232068  , 0.183792 , 0.00187299  
771, 0.0179325  , 0.176701 , 0.000699739 
772, 0.0179325  , 0.176045 , 0.00100587  
773, 0.0158228  , 0.173436 , 0.00104736  
774, 0.0158228  , 0.183543 , 0.00111557  
775, 0.0179325  , 0.178229 , 0.000981684 
776, 0.0189873  , 0.172803 , 0.000717209 
777, 0.0147679  , 0.170534 , 0.000360374 
778, 0.0189873  , 0.17252  , 0.000462619 
779, 0.0137131  , 0.174265 , 0.000491022 
780, 0.0232068  , 0.178397 , 0.000972005 
781, 0.0137131  , 0.179579 , 0.00103137  
782, 0.0242616  , 0.192058 , 0.0258287   
783, 0.021097   , 0.188058 , 0.0235957   
784, 0.0189873  , 0.180434 , 0.000988903 
785, 0.0189873  , 0.174425 , 0.000711963 
786, 0.021097   , 0.185955 , 0.0195982   
787, 0.0200422  , 0.17713  , 0.00146807  
788, 0.0137131  , 0.160787 , 6.7787e-05  
789, 0.0189873  , 0.188245 , 0.0202289   
790, 0.0147679  , 0.185301 , 0.0117208   
791, 0.0200422  , 0.166901 , 0.000498771 
792, 0.0200422  , 0.176471 , 0.00124336  
793, 0.0116034  , 0.160678 , 0.000123778 
794, 0.0189873  , 0.185156 , 0.0141179   
795, 0.021097   , 0.172583 , 0.000724169 
796, 0.0179325  , 0.183971 , 0.015917    
797, 0.0189873  , 0.180468 , 0.000993926 
798, 0.0179325  , 0.176405 , 0.00097265  
799, 0.0179325  , 0.179545 , 0.0157146   
800, 0.0168776  , 0.171491 , 0.000881859 
801, 0.0158228  , 0.170842 , 0.000431024 
802, 0.0116034  , 0.167019 , 0.000219073 
803, 0.0158228  , 0.167019 , 0.000328409 
804, 0.0232068  , 0.175231 , 0.00113675  
805, 0.0126582  , 0.182273 , 0.000550835 
806, 0.0126582  , 0.181505 , 0.000721269 
807, 0.0126582  , 0.191322 , 0.00222317  
808, 0.0126582  , 0.191013 , 0.00108447  
809, 0.0147679  , 0.187389 , 0.00211608  
810, 0.0137131  , 0.185048 , 0.00109215  
811, 0.0105485  , 0.194262 , 0.019171    
812, 0.0126582  , 0.188582 , 0.00245112  
813, 0.00843882 , 0.176339 , 0.000275795 
814, 0.0137131  , 0.205373 , 0.0255568   
815, 0.0158228  , 0.193548 , 0.0214954   
816, 0.0158228  , 0.197459 , 0.0380028   
817, 0.0105485  , 0.193075 , 0.0196274   
818, 0.0116034  , 0.183828 , 0.00188871  
819, 0.0105485  , 0.18541  , 0.000607491 
820, 0.0116034  , 0.203871 , 0.0240599   
821, 0.0116034  , 0.176241 , 0.000317    
822, 0.0168776  , 0.193707 , 0.00288281  
823, 0.00843882 , 0.179071 , 0.000548793 
824, 0.0168776  , 0.193746 , 0.00151617  
825, 0.0116034  , 0.184292 , 0.00189448  
826, 0.00949367 , 0.176372 , 0.000361347 
827, 0.0126582  , 0.187019 , 0.000878685 
828, 0.0116034  , 0.187872 , 0.000955884 
829, 0.0116034  , 0.202391 , 0.0199838   
830, 0.021097   , 0.188282 , 0.021341    
831, 0.0189873  , 0.17035  , 0.00038831  
832, 0.0158228  , 0.171491 , 0.000575932 
833, 0.0232068  , 0.177196 , 0.00125727  
834, 0.0168776  , 0.18016  , 0.00251343  
835, 0.0189873  , 0.170626 , 0.000823117 
836, 0.0158228  , 0.169165 , 0.000539243 
837, 0.0179325  , 0.18817  , 0.0189423   
838, 0.0168776  , 0.179104 , 0.000958926 
839, 0.0168776  , 0.173499 , 0.00114604  
840, 0.0179325  , 0.186101 , 0.00216723  
841, 0.0200422  , 0.171057 , 0.000753238 
842, 0.0168776  , 0.175037 , 0.000652922 
843, 0.021097   , 0.175751 , 0.000746414 
844, 0.0147679  , 0.174073 , 0.000601047 
845, 0.0189873  , 0.185373 , 0.00299424  
846, 0.0168776  , 0.170965 , 0.000639609 
847, 0.0200422  , 0.176701 , 0.00114956  
848, 0.0179325  , 0.176471 , 0.000883079 
849, 0.0200422  , 0.190094 , 0.0193701   
850, 0.0158228  , 0.178969 , 0.0106271   
851, 0.0200422  , 0.166579 , 0.000405785 
852, 0.0168776  , 0.179172 , 0.0111524   
853, 0.0221519  , 0.186284 , 0.0136434   
854, 0.0147679  , 0.176899 , 0.00105363  
855, 0.0189873  , 0.184867 , 0.00323659  
856, 0.0179325  , 0.189335 , 0.00320119  
857, 0.0189873  , 0.171584 , 0.000753699 
858, 0.0158228  , 0.173945 , 0.00104243  
859, 0.0137131  , 0.171584 , 0.000525407 
860, 0.0179325  , 0.18365  , 0.0265036   
861, 0.0147679  , 0.168503 , 0.000744282 
862, 0.0179325  , 0.175816 , 0.000845573 
863, 0.0189873  , 0.177031 , 0.00116715  
864, 0.0137131  , 0.168473 , 0.000740462 
865, 0.0242616  , 0.198451 , 0.00227879  
866, 0.0253165  , 0.20055  , 0.00264634  
867, 0.021097   , 0.194781 , 0.00201604  
868, 0.0168776  , 0.186945 , 0.000541341 
869, 0.028481   , 0.194222 , 0.00126556  
870, 0.021097   , 0.18102  , 0.000343995 
871, 0.0232068  , 0.186101 , 0.0108444   
872, 0.028481   , 0.193825 , 0.00146359  
873, 0.0242616  , 0.188095 , 0.00195968  
874, 0.0189873  , 0.173786 , 0.000104188 
875, 0.0200422  , 0.193075 , 0.00154532  
876, 0.0200422  , 0.178969 , 0.000269866 
877, 0.021097   , 0.187983 , 0.00076454  
878, 0.021097   , 0.182906 , 0.000880094 
879, 0.0221519  , 0.173849 , 7.84913e-05 
880, 0.0189873  , 0.188807 , 0.00114437  
881, 0.021097   , 0.187872 , 0.00121275  
882, 0.021097   , 0.192448 , 0.00163445  
883, 0.0253165  , 0.191631 , 0.0010051   
884, 0.0253165  , 0.186577 , 0.000891076 
885, 0.0242616  , 0.190937 , 0.00130843  
886, 0.0232068  , 0.177329 , 0.000290687 
887, 0.0189873  , 0.198243 , 0.00202389  
888, 0.021097   , 0.201445 , 0.029481    
889, 0.0327004  , 0.198909 , 0.0248853   
890, 0.0253165  , 0.190668 , 0.0011006   
891, 0.0263713  , 0.199369 , 0.00138458  
892, 0.0263713  , 0.173977 , 0.000106717 
893, 0.021097   , 0.192605 , 0.000726849 
894, 0.0232068  , 0.199243 , 0.024782    
895, 0.0232068  , 0.192918 , 0.0348945   
896, 0.0274262  , 0.206042 , 0.0272503   
897, 0.0253165  , 0.191903 , 0.00194456  
898, 0.0242616  , 0.187204 , 0.00066407  
899, 0.0221519  , 0.192214 , 0.00101051  
900, 0.0232068  , 0.183366 , 0.000822482 
901, 0.0316456  , 0.192136 , 0.00260544  
902, 0.0221519  , 0.17992  , 0.000326292 
903, 0.0221519  , 0.195666 , 0.000946967 
904, 0.0305907  , 0.197171 , 0.00263852  
905, 0.0295359  , 0.19343  , 0.00122698  
906, 0.0179325  , 0.1904   , 0.000800259 
907, 0.0221519  , 0.216389 , 0.050719    
908, 0.0242616  , 0.188245 , 0.000976734 
909, 0.0158228  , 0.176471 , 0.00111116  
910, 0.0232068  , 0.175263 , 0.00187609  
911, 0.0200422  , 0.177694 , 0.00158485  
912, 0.021097   , 0.158528 , 0.000102572 
913, 0.021097   , 0.176635 , 0.00169823  
914, 0.021097   , 0.168683 , 0.000384521 
915, 0.0253165  , 0.165416 , 0.00033759  
916, 0.0274262  , 0.178699 , 0.00220426  
917, 0.0179325  , 0.175102 , 0.00106694  
918, 0.0232068  , 0.188432 , 0.0217187   
919, 0.0232068  , 0.17177  , 0.00162023  
920, 0.0168776  , 0.176503 , 0.00111546  
921, 0.0147679  , 0.154171 , 8.22497e-06 
922, 0.0200422  , 0.168653 , 0.000513847 
923, 0.0242616  , 0.165618 , 0.000552865 
924, 0.0200422  , 0.177694 , 0.00164084  
925, 0.0263713  , 0.178666 , 0.0020139   
926, 0.0200422  , 0.162107 , 0.000219686 
927, 0.0179325  , 0.158449 , 0.000124835 
928, 0.021097   , 0.154322 , 2.08553e-05 
929, 0.0221519  , 0.16533  , 0.000345302 
930, 0.0253165  , 0.182203 , 0.0217929   
931, 0.0232068  , 0.158581 , 0.000137489 
932, 0.0189873  , 0.171646 , 0.00139384  
933, 0.028481   , 0.176143 , 0.0187228   
934, 0.0189873  , 0.163083 , 0.000221759 
935, 0.0305907  , 0.181435 , 0.00254087  
936, 0.0221519  , 0.16533  , 0.000284048 
937, 0.0200422  , 0.163111 , 0.000377195 
938, 0.0179325  , 0.173817 , 0.0013779   
939, 0.0179325  , 0.194821 , 0.0425158   
940, 0.0242616  , 0.181227 , 0.00200886  
941, 0.0242616  , 0.162218 , 0.000217207 
942, 0.0158228  , 0.162999 , 0.000178373 
943, 0.0200422  , 0.162107 , 0.000316576 
944, 0.0200422  , 0.159542 , 0.000271164 
945, 0.0232068  , 0.168743 , 0.000422935 
946, 0.021097   , 0.165301 , 0.000466054 
947, 0.0179325  , 0.18102  , 0.00115674  
948, 0.0189873  , 0.168623 , 0.000327083 
